ID;Título;Comentário;Histórico;"Atividades ";Origem;Endereço;"Editado em";"Criado em";"Criado Por";Status;Gravidade;Responsável;Ativo;Bairro;Solicitante
59959;"ESTACIONAMENTO PROIBIDO ";"VIA LIBERADA";"Veículo estacionado de maneira irregular causando transtornos ao trânsito. Veículos de grande porte com extrema dificuldade para acessar a via.O campo Número do Chamado foi assinalado como 260611124676O campo Pasta foi assinalado como 359-20260611124613O campo Título foi assinalado como ESTACIONAMENTO PROIBIDO O campo Bairro foi assinalado como IcaraíO campo Endereço foi assinalado como RUA LEMOS CUNHAO campo Número foi apagadoO campo Rota foi apagadoO campo Estado foi apagadoO campo CEP foi apagadoO campo País foi apagadoO campo Coordenadas foi apagadoAs atividades foram excluídasO campo Gravidade foi assinalado como MédiaO campo Solicitante foi assinalado como SUPERVISOR GILO campo Origem foi assinalado como OperacionalO campo Status foi assinalado como AbertoO campo Ativo foi assinalado como Sim | VIA LIBERADA";;Operacional;"RUA LEMOS CUNHA";"2026-06-11 03:27:00";"2026-06-11 12:47:00";"FLAVIO SA";Encerrada;Média;;Sim;Icaraí;"SUPERVISOR GIL"
59957;"SINISTRO DE MOTO (QUEDA) SEM VÍTIMA";;"Auto lesão na rua Gavião Peixoto n°70. Acidente já está sendo desfeito para não impactar no fluxo da Rua Gavião Peixoto.O campo Número do Chamado foi assinalado como 260611120875O campo Pasta foi assinalado como 359-20260611120852O campo Título foi assinalado como SINISTRO DE MOTO (QUEDA) SEM VÍTIMAO campo Bairro foi assinalado como IcaraíO campo Endereço foi assinalado como RUA GAVIÃO PEIXOTOO campo Número foi apagadoO campo Rota foi apagadoO campo Estado foi apagadoO campo CEP foi apagadoO campo País foi apagadoO campo Coordenadas foi apagadoAs atividades foram excluídasO campo Gravidade foi assinalado como BaixaO campo Solicitante foi assinalado como SUPERVISOR ANDRÉ.O campo Origem foi assinalado como OperacionalO campo Status foi assinalado como AbertoO campo Ativo foi assinalado como Sim | Visualizou esse Registro de Incidente.";;Operacional;"RUA GAVIÃO PEIXOTO";"2026-06-11 12:09:00";"2026-06-11 12:09:00";"FLAVIO SA";Encerrada;Baixa;;Sim;Icaraí;"SUPERVISOR ANDRÉ."
59997;"FRESAGEM ASFALTICA";"serviço de fresagem na praça da Riodades,  operacional  noturno dando apoio ";"serviço de fresagem na praça da Riodades,  operacional  noturno dando apoio O campo Número do Chamado foi assinalado como 260611112795O campo Pasta foi assinalado como 322-20260611112703O campo Título foi assinalado como FRESAGEM ASFALTICAO campo Bairro foi assinalado como FonsecaO campo Endereço foi assinalado como Alameda São BoaventuraO campo Número foi apagadoO campo Rota foi apagadoO campo Estado foi apagadoO campo CEP foi apagadoO campo País foi apagadoO campo Coordenadas foi apagadoAs atividades foram assinaladas como: 3xO campo Gravidade foi assinalado como BaixaO campo Solicitante foi assinalado como MarcoO campo Origem foi assinalado como OperacionalO campo Status foi assinalado como AbertoO campo Ativo foi assinalado como Sim";#1_34_C#1_1_C#1_30_C#;Operacional;"Alameda São Boaventura";;"2026-06-11 11:29:00";"JESSICA APARECIDA DA COSTA FARIAS";Aberta;Baixa;;Sim;Fonseca;Marco
59955;"ÁGUAS DE NITERÓI";ENCERRADA;"ÁGUAS DE NITERÓI REALIZANDO SERVIÇO A FRENTE DO Nº289 - SENTIDO CENTRO = OPERACIONAL NO LOCAL.O campo Número do Chamado foi assinalado como 260611110074O campo Pasta foi assinalado como 359-20260611110054O campo Título foi assinalado como ÁGUAS DE NITERÓIO campo Bairro foi assinalado como BarretoO campo Endereço foi assinalado como RUA BENJAMIN CONSTANT O campo Número foi apagadoO campo Rota foi apagadoO campo Estado foi apagadoO campo CEP foi apagadoO campo País foi apagadoO campo Coordenadas foi apagadoO campo Gravidade foi assinalado como BaixaO campo Solicitante foi assinalado como SUPERVISOR COUTOO campo Origem foi assinalado como OperacionalO campo Status foi assinalado como AbertoO campo Ativo foi assinalado como Sim | ENCERRADA";;Operacional;"RUA BENJAMIN CONSTANT ";"2026-06-11 06:17:00";"2026-06-11 11:02:00";"FLAVIO SA";Encerrada;Baixa;;Sim;Barreto;"SUPERVISOR COUTO"
59953;"ÁGUAS DE NITERÓI";ENCERRADA;"Aguas de Niteroi em frente a Maternidade Alzira ReisO campo Número do Chamado foi assinalado como 260611102773O campo Pasta foi assinalado como 266-20260611102706O campo Título foi assinalado como ÁGUAS DE NITERÓIO campo Bairro foi assinalado como CharitasO campo Endereço foi assinalado como Avenida Prefeito Silvio PicançoO campo Número foi apagadoO campo Rota foi apagadoO campo Estado foi apagadoO campo CEP foi apagadoO campo País foi apagadoO campo Coordenadas foi apagadoO campo Gravidade foi assinalado como BaixaO campo Solicitante foi assinalado como Alex Godinho - supervisorO campo Origem foi assinalado como OperacionalO campo Status foi assinalado como AbertoO campo Ativo foi assinalado como Sim | ENCERRADA";;Operacional;"Avenida Prefeito Silvio Picanço";"2026-06-11 06:16:00";"2026-06-11 10:34:00";ROSIANE;Encerrada;Baixa;;Sim;Charitas;"Alex Godinho - supervisor"
59951;"VEÍCULO ENGUIÇADO";;"Coletivo enguiçado lado oposto do terminalO campo Número do Chamado foi assinalado como 260611102172O campo Pasta foi assinalado como 266-20260611102130O campo Título foi assinalado como VEÍCULO ENGUIÇADOO campo Bairro foi assinalado como CentroO campo Endereço foi assinalado como Avenida Visconde do Rio BrancoO campo Número foi apagadoO campo Rota foi apagadoO campo Estado foi apagadoO campo CEP foi apagadoO campo País foi apagadoO campo Coordenadas foi apagadoAs atividades foram assinaladas como: 1xO campo Gravidade foi assinalado como BaixaO campo Solicitante foi assinalado como Renato - supervisor O campo Origem foi assinalado como OperacionalO campo Status foi assinalado como AbertoO campo Ativo foi assinalado como Sim | Visualizou esse Registro de Incidente.";#1_30_C#;Operacional;"Avenida Visconde do Rio Branco";"2026-06-11 02:04:00";"2026-06-11 10:23:00";ROSIANE;Encerrada;Baixa;;Sim;Centro;"Renato - supervisor "
59949;"ÁGUAS DE NITERÓI";ENCERRADA;"Aguas de Niteroi iniciando serviço em frente ao Catamarã O campo Número do Chamado foi assinalado como 260611100071O campo Pasta foi assinalado como 266-20260611100007O campo Título foi assinalado como ÁGUAS DE NITERÓIO campo Bairro foi assinalado como CharitasO campo Endereço foi assinalado como Avenida Prefeito Sílvio PicançoO campo Número foi apagadoO campo Rota foi apagadoO campo Estado foi apagadoO campo CEP foi apagadoO campo País foi apagadoO campo Coordenadas foi apagadoO campo Gravidade foi assinalado como BaixaO campo Solicitante foi assinalado como Alex  Godinho -  supervisorO campo Origem foi assinalado como OperacionalO campo Status foi assinalado como AbertoO campo Ativo foi assinalado como Sim | ENCERRADA";;Operacional;"Avenida Prefeito Sílvio Picanço";"2026-06-11 06:16:00";"2026-06-11 10:01:00";ROSIANE;Encerrada;Baixa;;Sim;Charitas;"Alex  Godinho -  supervisor"
59947;"SINISTRO AUTO X MOTO SEM VÍTIMA";"VIA LIBERADA ";"Sinistro entre auto x moto sem vitima na rotatória da mineira. Equipe túnel no local.O campo Número do Chamado foi assinalado como 260611095370O campo Pasta foi assinalado como 266-20260611095329O campo Título foi assinalado como SINISTRO AUTO X MOTO SEM VÍTIMAO campo Bairro foi assinalado como São FranciscoO campo Endereço foi assinalado como Avenida Quintino Bocaiúva O campo Número foi apagadoO campo Rota foi apagadoO campo Estado foi apagadoO campo CEP foi apagadoO campo País foi apagadoO campo Coordenadas foi apagadoO campo Gravidade foi assinalado como BaixaO campo Solicitante foi assinalado como CISPO campo Origem foi assinalado como CISPO campo Status foi assinalado como AbertoO campo Ativo foi assinalado como Sim | VIA LIBERADA ";;CISP;"Avenida Quintino Bocaiúva ";"2026-06-11 11:50:00";"2026-06-11 09:54:00";ROSIANE;Encerrada;Baixa;;Sim;"São Francisco";CISP
59945;"SINISTRO AUTO X MOTO COM VÍTIMA ";;"Sinistro entre auto x moto com vitima na Feliciano Sodré em frente ao Porto, sentido Fonseca.O campo Número do Chamado foi assinalado como 260611094869O campo Pasta foi assinalado como 266-20260611094849O campo Título foi assinalado como SINISTRO AUTO X MOTO COM VÍTIMA O campo Bairro foi assinalado como CentroO campo Endereço foi assinalado como Avenida Feliciano SodréO campo Número foi apagadoO campo Rota foi apagadoO campo Estado foi apagadoO campo CEP foi apagadoO campo País foi apagadoO campo Coordenadas foi apagadoAs atividades foram assinaladas como: 1xO campo Gravidade foi assinalado como MédiaO campo Solicitante foi assinalado como Andre - supervisorO campo Origem foi assinalado como OperacionalO campo Status foi assinalado como AbertoO campo Ativo foi assinalado como Sim | Visualizou esse Registro de Incidente.";#1_7_C#;Operacional;"Avenida Feliciano Sodré";"2026-06-11 10:34:00";"2026-06-11 09:50:00";ROSIANE;Encerrada;Média;;Sim;Centro;"Andre - supervisor"
59943;"AÇÃO SOCIAL";;"O campo Número do Chamado foi assinalado como 260611094068O campo Pasta foi assinalado como 266-20260611094003O campo Título foi assinalado como AÇÃO SOCIALO campo Bairro foi assinalado como IngáO campo Endereço foi assinalado como  Rua Doutor Paulo Alves O campo Número foi apagadoO campo Rota foi apagadoO campo Estado foi apagadoO campo CEP foi apagadoO campo País foi apagadoO campo Coordenadas foi apagadoO campo Gravidade foi assinalado como BaixaO campo Solicitante foi assinalado como Paulo Davi - supervisorO campo Origem foi assinalado como OperacionalO campo Status foi assinalado como AbertoO campo Ativo foi assinalado como Sim | Visualizou esse Registro de Incidente.";;Operacional;" Rua Doutor Paulo Alves ";"2026-06-11 10:35:00";"2026-06-11 09:42:00";ROSIANE;Encerrada;Baixa;;Sim;Ingá;"Paulo Davi - supervisor"
59995;"SEMÁFORO NO PISCANTE";"Controladora 9039 (Estrada Francisco da Cruz Nunes x Rotatoria de Cafubá) - No piscante. 
Obs: Semaforica e operacional acionados para o local. Equipe semaforica no local.";"Controladora 9039 (Estrada Francisco da Cruz Nunes x Rotatoria de Cafubá) - No piscante. 
Obs: Semaforica e operacional acionados para o local. Equipe semaforica no local.O campo Número do Chamado foi assinalado como 260611093594O campo Pasta foi assinalado como 311-20260611093546O campo Título foi assinalado como SEMÁFORO NO PISCANTEO campo Bairro foi assinalado como CafubáO campo Endereço foi assinalado como Estrada Francisco da Cruz NunesO campo Número foi apagadoO campo Rota foi apagadoO campo Estado foi apagadoO campo CEP foi apagadoO campo País foi apagadoO campo Coordenadas foi apagadoO campo Gravidade foi assinalado como BaixaO campo Solicitante foi assinalado como CCOO campo Origem foi assinalado como MonitoramentoO campo Status foi assinalado como AbertoO campo Ativo foi assinalado como Sim";;Monitoramento;"Estrada Francisco da Cruz Nunes";;"2026-06-11 09:36:00";"BRUNO SANTANA";Aberta;Baixa;;Sim;Cafubá;CCO
59941;"AÇÃO SOCIAL";;"O campo Número do Chamado foi assinalado como 260611092567O campo Pasta foi assinalado como 266-20260611092558O campo Título foi assinalado como AÇÃO SOCIALO campo Bairro foi assinalado como São DomingosO campo Endereço foi assinalado como Rua Coronel  Tamarindo O campo Número foi apagadoO campo Rota foi apagadoO campo Estado foi apagadoO campo CEP foi apagadoO campo País foi apagadoO campo Coordenadas foi apagadoO campo Gravidade foi assinalado como BaixaO campo Solicitante foi assinalado como Paulo Davi - supervisor O campo Origem foi assinalado como CISPO campo Status foi assinalado como AbertoO campo Ativo foi assinalado como Sim | Visualizou esse Registro de Incidente. | O campo Origem foi assinalado como Operacional";;Operacional;"Rua Coronel  Tamarindo ";"2026-06-11 10:35:00";"2026-06-11 09:28:00";ROSIANE;Encerrada;Baixa;;Sim;"São Domingos";"Paulo Davi - supervisor "
59939;"AÇÃO SOCIAL";;"Praça ArariboiaO campo Número do Chamado foi assinalado como 260611092466O campo Pasta foi assinalado como 266-20260611092450O campo Título foi assinalado como AÇÃO SOCIALO campo Bairro foi assinalado como CentroO campo Endereço foi assinalado como Avenida Visconde do Rio BrancoO campo Número foi apagadoO campo Rota foi apagadoO campo Estado foi apagadoO campo CEP foi apagadoO campo País foi apagadoO campo Coordenadas foi apagadoO campo Gravidade foi assinalado como BaixaO campo Solicitante foi assinalado como Paulo Davi - supervisorO campo Origem foi assinalado como OperacionalO campo Status foi assinalado como AbertoO campo Ativo foi assinalado como Sim | Visualizou esse Registro de Incidente.";;Operacional;"Avenida Visconde do Rio Branco";"2026-06-11 09:32:00";"2026-06-11 09:25:00";ROSIANE;Encerrada;Baixa;;Sim;Centro;"Paulo Davi - supervisor"
59937;"AÇÃO SOCIAL";;"ZeladoriaO campo Número do Chamado foi assinalado como 260611091565O campo Pasta foi assinalado como 266-20260611091550O campo Título foi assinalado como AÇÃO SOCIALO campo Bairro foi assinalado como CentroO campo Endereço foi assinalado como Avenida Jansen de MeloO campo Número foi apagadoO campo Rota foi apagadoO campo Estado foi apagadoO campo CEP foi apagadoO campo País foi apagadoO campo Coordenadas foi apagadoO campo Gravidade foi assinalado como BaixaO campo Solicitante foi assinalado como Paulo Davi - supervisorO campo Origem foi assinalado como OperacionalO campo Status foi assinalado como AbertoO campo Ativo foi assinalado como Sim | Visualizou esse Registro de Incidente.";;Operacional;"Avenida Jansen de Melo";"2026-06-11 09:32:00";"2026-06-11 09:16:00";ROSIANE;Encerrada;Baixa;;Sim;Centro;"Paulo Davi - supervisor"
59993;"APOIO OPERACIONAL";"Operação moto barulhenta na Rua Santa Rosa em frente ao Salesianos.";"Operação moto barulhenta na Rua Santa Rosa em frente ao Salesianos.O campo Número do Chamado foi assinalado como 260611090693O campo Pasta foi assinalado como 311-20260611090622O campo Título foi assinalado como APOIO OPERACIONALO campo Bairro foi assinalado como Santa RosaO campo Endereço foi assinalado como Rua Santa RosaO campo Número foi apagadoO campo Rota foi apagadoO campo Estado foi apagadoO campo CEP foi apagadoO campo País foi apagadoO campo Coordenadas foi apagadoO campo Gravidade foi assinalado como BaixaO campo Solicitante foi assinalado como CCOO campo Origem foi assinalado como MonitoramentoO campo Status foi assinalado como AbertoO campo Ativo foi assinalado como Sim";;Monitoramento;"Rua Santa Rosa";;"2026-06-11 09:07:00";"BRUNO SANTANA";Aberta;Baixa;;Sim;"Santa Rosa";CCO
59991;"FISCALIZAÇÃO  ";;"Estamos com umveiculo estacionado de forma irregular na Praia de Icaraí com Rua Mariz e Barro, dificultando a conversão de veículos maiores.O campo Número do Chamado foi assinalado como 260611085092O campo Pasta foi assinalado como 311-20260611085009O campo Título foi assinalado como FISCALIZAÇÃO  O campo Bairro foi assinalado como IcaraíO campo Endereço foi assinalado como Rua Mariz e BarrosO campo Número foi apagadoO campo Rota foi apagadoO campo Estado foi apagadoO campo CEP foi apagadoO campo País foi apagadoO campo Coordenadas foi apagadoO campo Gravidade foi assinalado como BaixaO campo Solicitante foi assinalado como CCOO campo Origem foi assinalado como MonitoramentoO campo Status foi assinalado como AbertoO campo Ativo foi assinalado como Sim | Visualizou esse Registro de Incidente.";;Monitoramento;"Rua Mariz e Barros";"2026-06-11 09:05:00";"2026-06-11 08:50:00";"BRUNO SANTANA";Encerrada;Baixa;;Sim;Icaraí;CCO
59935;"SINISTRO ATROPELAMENTO";;"Atropelamento com atendimento CBMERJ e operacional no apoio - em frente ao nº1235.O campo Número do Chamado foi assinalado como 260611082864O campo Pasta foi assinalado como 359-20260611082849O campo Título foi assinalado como SINISTRO ATROPELAMENTOO campo Bairro foi assinalado como Maria PaulaO campo Endereço foi assinalado como ESTRADA VELHA DE MARICÁ O campo Número foi apagadoO campo Rota foi apagadoO campo Estado foi apagadoO campo CEP foi apagadoO campo País foi apagadoO campo Coordenadas foi apagadoAs atividades foram assinaladas como: 3xO campo Gravidade foi assinalado como MédiaO campo Solicitante foi assinalado como SUPERVISOR CARLOS EDUARDOO campo Origem foi assinalado como OperacionalO campo Status foi assinalado como AbertoO campo Ativo foi assinalado como Sim | Visualizou esse Registro de Incidente.";#1_34_C#1_1_C#1_30_C#;Operacional;"ESTRADA VELHA DE MARICÁ ";"2026-06-11 09:32:00";"2026-06-11 08:31:00";"FLAVIO SA";Encerrada;Média;;Sim;"Maria Paula";"SUPERVISOR CARLOS EDUARDO"
59989;ENEL;;"Caminhão da Enel realizando manutenção na Praia de Icarai com Rua Miguel de Frias.O campo Número do Chamado foi assinalado como 260611075291O campo Pasta foi assinalado como 311-20260611075253O campo Título foi assinalado como ENELO campo Bairro foi assinalado como IcaraíO campo Endereço foi assinalado como Rua Miguel de FriasO campo Número foi apagadoO campo Rota foi apagadoO campo Estado foi apagadoO campo CEP foi apagadoO campo País foi apagadoO campo Coordenadas foi apagadoO campo Gravidade foi assinalado como BaixaO campo Solicitante foi assinalado como CCOO campo Origem foi assinalado como MonitoramentoO campo Status foi assinalado como AbertoO campo Ativo foi assinalado como Sim | Visualizou esse Registro de Incidente.";;Monitoramento;"Rua Miguel de Frias";"2026-06-11 09:19:00";"2026-06-11 07:55:00";"BRUNO SANTANA";Encerrada;Baixa;;Sim;Icaraí;CCO
59933;"QUEDA DE ÁRVORE";"ÁRVORE REMOVIDA PELA SECONSER.";"árvore caída em frente ao supermercado Prix na Rua Gavião Peixoto - demanda encaminhada para MariahO campo Número do Chamado foi assinalado como 260611072363O campo Pasta foi assinalado como 359-20260611072356O campo Título foi assinalado como QUEDA DE ÁRVOREO campo Bairro foi assinalado como IcaraíO campo Endereço foi assinalado como RUA GAVIÃO PEIXOTOO campo Número foi apagadoO campo Rota foi apagadoO campo Estado foi apagadoO campo CEP foi apagadoO campo País foi apagadoO campo Coordenadas foi apagadoAs atividades foram assinaladas como: 3xO campo Gravidade foi assinalado como BaixaO campo Solicitante foi assinalado como CCO MOBILIDADEO campo Origem foi assinalado como MonitoramentoO campo Status foi assinalado como AbertoO campo Ativo foi assinalado como Sim | Seconser no local | ÁRVORE REMOVIDA PELA SECONSER.As atividades foram excluídasO campo Status foi assinalado como Encerrado";;Monitoramento;"RUA GAVIÃO PEIXOTO";"2026-06-11 10:28:00";"2026-06-11 07:24:00";"FLAVIO SA";Encerrada;Baixa;;Sim;Icaraí;"CCO MOBILIDADE"
59931;"ACIONAMENTO DE REBOQUE NITTRANS";;"Caminhão enguiçado na Alameda São Boaventura antes da João Brasil sentido Alcântara reboque acionadoO campo Número do Chamado foi assinalado como 260611072262O campo Pasta foi assinalado como 359-20260611072232O campo Título foi assinalado como ACIONAMENTO DE REBOQUE NITTRANSO campo Bairro foi assinalado como FonsecaO campo Endereço foi assinalado como ALAMEDA SÃO BOAVENTURA O campo Número foi apagadoO campo Rota foi apagadoO campo Estado foi apagadoO campo CEP foi apagadoO campo País foi apagadoO campo Coordenadas foi apagadoO campo Gravidade foi assinalado como BaixaO campo Solicitante foi assinalado como SUPERVISOR WILLIAMO campo Origem foi assinalado como OperacionalO campo Status foi assinalado como AbertoO campo Ativo foi assinalado como Sim | Visualizou esse Registro de Incidente.";;Operacional;"ALAMEDA SÃO BOAVENTURA ";"2026-06-11 09:31:00";"2026-06-11 07:23:00";"FLAVIO SA";Encerrada;Baixa;;Sim;Fonseca;"SUPERVISOR WILLIAM"
59929;"VEÍCULO ENGUIÇADO";;"Caminhão enguiçado na Alameda São Boaventura antes da João Brasil sentido Alcântara reboque acionadoO campo Número do Chamado foi assinalado como 260611072061O campo Pasta foi assinalado como 359-20260611072038O campo Título foi assinalado como VEÍCULO ENGUIÇADOO campo Bairro foi assinalado como FonsecaO campo Endereço foi assinalado como Alameda São BoaventuraO campo Número foi apagadoO campo Rota foi apagadoO campo Estado foi apagadoO campo CEP foi apagadoO campo País foi apagadoO campo Coordenadas foi apagadoAs atividades foram assinaladas como: 4xO campo Gravidade foi assinalado como BaixaO campo Solicitante foi assinalado como Supervisor WilliamO campo Origem foi assinalado como OperacionalO campo Status foi assinalado como AbertoO campo Ativo foi assinalado como Sim | Visualizou esse Registro de Incidente.";#1_34_C#1_12_C#1_1_C#1_30_C#;Operacional;"Alameda São Boaventura";"2026-06-11 09:31:00";"2026-06-11 07:22:00";"FLAVIO SA";Encerrada;Baixa;;Sim;Fonseca;"Supervisor William"
59927;DISPOSITIVO;ENCERRADO;"Dispositivo montadoO campo Número do Chamado foi assinalado como 260611065260O campo Pasta foi assinalado como 299-20260611065235O campo Título foi assinalado como DISPOSITIVOO campo Bairro foi assinalado como Santa RosaO campo Endereço foi assinalado como Rua Noronha TorrezãoO campo Número foi apagadoO campo Rota foi apagadoO campo Estado foi apagadoO campo CEP foi apagadoO campo País foi apagadoO campo Coordenadas foi apagadoO campo Gravidade foi assinalado como BaixaO campo Solicitante foi assinalado como Moisés - SupervisorO campo Origem foi assinalado como OperacionalO campo Status foi assinalado como AbertoO campo Ativo foi assinalado como Sim | Visualizou esse Registro de Incidente. | ENCERRADOO campo Status foi assinalado como Encerrado";;Operacional;"Rua Noronha Torrezão";"2026-06-11 04:29:00";"2026-06-11 06:54:00";SIMONE;Encerrada;Baixa;;Sim;"Santa Rosa";"Moisés - Supervisor"
59925;"ACIONAMENTO DE REBOQUE NITTRANS";"VIA LIBERADA";"Caminhão com a barra de transmissão quebrada no retorno do Hortifruti. Solicitação do reboque pesado.O campo Número do Chamado foi assinalado como 260611064659O campo Pasta foi assinalado como 299-20260611064635O campo Título foi assinalado como ACIONAMENTO DE REBOQUE NITTRANSO campo Bairro foi assinalado como MaravistaO campo Endereço foi assinalado como  Avenida Dr. Eduardo Lúcio Rodrigues PicançoO campo Número foi apagadoO campo Rota foi apagadoO campo Estado foi apagadoO campo CEP foi apagadoO campo País foi apagadoO campo Coordenadas foi apagadoO campo Gravidade foi assinalado como BaixaO campo Solicitante foi assinalado como Magno - SupervisorO campo Origem foi assinalado como OperacionalO campo Status foi assinalado como AbertoO campo Ativo foi assinalado como Sim | Visualizou esse Registro de Incidente. | VIA LIBERADAO campo Status foi assinalado como Encerrado";;Operacional;" Avenida Dr. Eduardo Lúcio Rodrigues Picanço";"2026-06-11 07:49:00";"2026-06-11 06:47:00";SIMONE;Encerrada;Baixa;;Sim;Maravista;"Magno - Supervisor"
59923;"VEÍCULO ENGUIÇADO";"VIA LIBERADA";"Caminhão com a barra de transmissão quebrada no retorno do Hortifruti. Solicitação do reboque pesado.O campo Número do Chamado foi assinalado como 260611064458O campo Pasta foi assinalado como 299-20260611064405O campo Título foi assinalado como VEÍCULO ENGUIÇADOO campo Bairro foi assinalado como MaravistaO campo Endereço foi assinalado como  Avenida Dr. Eduardo Lúcio Rodrigues PicançoO campo Número foi apagadoO campo Rota foi apagadoO campo Estado foi apagadoO campo CEP foi apagadoO campo País foi apagadoO campo Coordenadas foi apagadoAs atividades foram assinaladas como: 4xO campo Gravidade foi assinalado como BaixaO campo Solicitante foi assinalado como Magno - SupervisorO campo Origem foi assinalado como OperacionalO campo Status foi assinalado como AbertoO campo Ativo foi assinalado como Sim | Visualizou esse Registro de Incidente. | VIA LIBERADAAs atividades foram excluídasO campo Status foi assinalado como Encerrado";;Operacional;" Avenida Dr. Eduardo Lúcio Rodrigues Picanço";"2026-06-11 07:49:00";"2026-06-11 06:46:00";SIMONE;Encerrada;Baixa;;Sim;Maravista;"Magno - Supervisor"
59987;"VEÍCULO ENGUIÇADO";;"AUTO ENGUIÇADO SOBRE PASSEIO - AV. FELICIANO SODRÉ X AV. JANSEN DE MELO.O campo Número do Chamado foi assinalado como 260611061890O campo Pasta foi assinalado como 359-20260611061837O campo Título foi assinalado como VEÍCULO ENGUIÇADOO campo Bairro foi assinalado como CentroO campo Endereço foi assinalado como AV. FELICIANO SODRÉO campo Número foi apagadoO campo Rota foi apagadoO campo Estado foi apagadoO campo CEP foi apagadoO campo País foi apagadoO campo Coordenadas foi apagadoAs atividades foram excluídasO campo Gravidade foi assinalado como BaixaO campo Solicitante foi assinalado como CCO MOBILIDADEO campo Origem foi assinalado como MonitoramentoO campo Status foi assinalado como AbertoO campo Ativo foi assinalado como Sim | Visualizou esse Registro de Incidente.";;Monitoramento;"AV. FELICIANO SODRÉ";"2026-06-11 09:21:00";"2026-06-11 06:20:00";"FLAVIO SA";Encerrada;Baixa;;Sim;Centro;"CCO MOBILIDADE"
59921;"PROBLEMA NO PMV";"REESTABELECIDO ";"Problema no led. Aberto o VIA.O campo Número do Chamado foi assinalado como 260611060957O campo Pasta foi assinalado como 299-20260611060959O campo Título foi assinalado como PROBLEMA NO PMVO campo Bairro foi assinalado como CentroO campo Endereço foi assinalado como Avenida Visconde do Rio BrancoO campo Número foi apagadoO campo Rota foi apagadoO campo Estado foi apagadoO campo CEP foi apagadoO campo País foi apagadoO campo Coordenadas foi apagadoO campo Gravidade foi assinalado como BaixaO campo Solicitante foi assinalado como CCO O campo Origem foi assinalado como MonitoramentoO campo Status foi assinalado como AbertoO campo Ativo foi assinalado como Sim | Visualizou esse Registro de Incidente. | REESTABELECIDO O campo Status foi assinalado como Encerrado";;Monitoramento;"Avenida Visconde do Rio Branco";"2026-06-11 06:59:00";"2026-06-11 06:11:00";SIMONE;Encerrada;Baixa;;Sim;Centro;"CCO "
59985;"ACIONAMENTO DE REBOQUE PARTICULAR";"VIA LIBERADA";"AUTO ENGUIÇADO NA ENTRADA DE SANTA BÁRBARA - OPERACIONAL LOCAL - REBOQUE PARTICULAR ACIONADO.O campo Número do Chamado foi assinalado como 260611060189O campo Pasta foi assinalado como 359-20260611060100O campo Título foi assinalado como ACIONAMENTO DE REBOQUE PARTICULARO campo Bairro foi assinalado como Santa RosaO campo Endereço foi assinalado como RODOVIA AMARAL PEIXOTOO campo Número foi apagadoO campo Rota foi apagadoO campo Estado foi apagadoO campo CEP foi apagadoO campo País foi apagadoO campo Coordenadas foi apagadoO campo Gravidade foi assinalado como BaixaO campo Solicitante foi assinalado como CONTRIBUINTE O campo Origem foi assinalado como ContribuinteO campo Status foi assinalado como AbertoO campo Ativo foi assinalado como Sim | VIA LIBERADA";;Contribuinte;"RODOVIA AMARAL PEIXOTO";"2026-06-11 06:17:00";"2026-06-11 06:01:00";"FLAVIO SA";Encerrada;Baixa;;Sim;"Santa Rosa";"CONTRIBUINTE "
59983;"VEÍCULO ENGUIÇADO";"VIA LIBERADA";"AUTO ENGUIÇADO NA ENTRADA DE SANTA BÁRBARA - OPERACIONAL LOCAL - REBOQUE PARTICULAR ACIONADO.O campo Número do Chamado foi assinalado como 260611055988O campo Pasta foi assinalado como 359-20260611055906O campo Título foi assinalado como VEÍCULO ENGUIÇADOO campo Bairro foi assinalado como Santa BárbaraO campo Endereço foi assinalado como RODOVIA AMARAL PEIXOTOO campo Número foi apagadoO campo Rota foi apagadoO campo Estado foi apagadoO campo CEP foi apagadoO campo País foi apagadoO campo Coordenadas foi apagadoAs atividades foram excluídasO campo Gravidade foi assinalado como BaixaO campo Solicitante foi assinalado como SUPERVISOR JEFTHO campo Origem foi assinalado como OperacionalO campo Status foi assinalado como AbertoO campo Ativo foi assinalado como Sim | VIA LIBERADA";;Operacional;"RODOVIA AMARAL PEIXOTO";"2026-06-11 06:17:00";"2026-06-11 06:00:00";"FLAVIO SA";Encerrada;Baixa;;Sim;"Santa Bárbara";"SUPERVISOR JEFTH"
59981;"SINISTRO DE MOTO (QUEDA) COM VÍTIMA";"VIA LIBERADA";"INFORME DE QUEDA DE MOTOCICLISTA EM FRENTE AO FORTE GRAGOATÁ - VÍTIMA AO SOLO - OPERACIONAL E CBMERJ NO LOCAL.O campo Número do Chamado foi assinalado como 260611055487O campo Pasta foi assinalado como 359-20260611055426O campo Título foi assinalado como SINISTRO DE MOTO (QUEDA) COM VÍTIMAO campo Bairro foi assinalado como GragoatáO campo Endereço foi assinalado como RUA CORONEL TAMARINDOO campo Número foi apagadoO campo Rota foi apagadoO campo Estado foi apagadoO campo CEP foi apagadoO campo País foi apagadoO campo Coordenadas foi apagadoO campo Gravidade foi assinalado como MédiaO campo Solicitante foi assinalado como DIRETOR RUY FRANÇAO campo Origem foi assinalado como OperacionalO campo Status foi assinalado como AbertoO campo Ativo foi assinalado como Sim | VIA LIBERADA";;Operacional;"RUA CORONEL TAMARINDO";"2026-06-11 06:17:00";"2026-06-11 05:58:00";"FLAVIO SA";Encerrada;Média;;Sim;Gragoatá;"DIRETOR RUY FRANÇA"
59919;REVERSIVEL;;"Faixa reversível montada.O campo Número do Chamado foi assinalado como 260611054956O campo Pasta foi assinalado como 299-20260611054957O campo Título foi assinalado como REVERSIVELO campo Bairro foi assinalado como IcaraíO campo Endereço foi assinalado como Avenida Jornalista Alberto Francisco TorresO campo Número foi apagadoO campo Rota foi apagadoO campo Estado foi apagadoO campo CEP foi apagadoO campo País foi apagadoO campo Coordenadas foi apagadoAs atividades foram assinaladas como: 3xO campo Gravidade foi assinalado como BaixaO campo Solicitante foi assinalado como CCO O campo Origem foi assinalado como MonitoramentoO campo Status foi assinalado como AbertoO campo Ativo foi assinalado como Sim | Visualizou esse Registro de Incidente. | As atividades foram assinaladas como: 3xO campo Status foi assinalado como Encerrado";#1_34_C#1_1_C#1_30_C#;Monitoramento;"Avenida Jornalista Alberto Francisco Torres";"2026-06-11 09:31:00";"2026-06-11 05:51:00";SIMONE;Encerrada;Baixa;;Sim;Icaraí;"CCO "
59979;"CONTROLADOR FORA DA REDE (OFFLINE)";"REESTABELECIDO ";"Controladora 3041 (Avenida Visconde do Rio Branco x Rua Aurelino Leal) - Sem comunicação. O campo Número do Chamado foi assinalado como 260611045286O campo Pasta foi assinalado como 266-20260611045225O campo Título foi assinalado como CONTROLADOR FORA DA REDE (OFFLINE)O campo Bairro foi assinalado como CentroO campo Endereço foi assinalado como Avenida Ernani do Amaral PeixotoO campo Número foi apagadoO campo Rota foi apagadoO campo Estado foi apagadoO campo CEP foi apagadoO campo País foi apagadoO campo Coordenadas foi apagadoO campo Gravidade foi assinalado como BaixaO campo Solicitante foi assinalado como CCO MobilidadeO campo Origem foi assinalado como MonitoramentoO campo Status foi assinalado como AbertoO campo Ativo foi assinalado como Sim | REESTABELECIDO ";;Monitoramento;"Avenida Ernani do Amaral Peixoto";"2026-06-11 06:17:00";"2026-06-11 04:55:00";ROSIANE;Encerrada;Baixa;;Sim;Centro;"CCO Mobilidade"
59977;"VEÍCULO ENGUIÇADO";"VIA LIBERADA";"Auto enguiçado - Rua Noronha Torrezão x Rua Vereador Duque estrada.O campo Número do Chamado foi assinalado como 260611043985O campo Pasta foi assinalado como 359-20260611043906O campo Título foi assinalado como VEÍCULO ENGUIÇADOO campo Bairro foi assinalado como Santa RosaO campo Endereço foi assinalado como RUA NORONHA TORREZÃOO campo Número foi apagadoO campo Rota foi apagadoO campo Estado foi apagadoO campo CEP foi apagadoO campo País foi apagadoO campo Coordenadas foi apagadoAs atividades foram excluídasO campo Gravidade foi assinalado como BaixaO campo Solicitante foi assinalado como CCO MOBILIDADEO campo Origem foi assinalado como MonitoramentoO campo Status foi assinalado como AbertoO campo Ativo foi assinalado como Sim | VIA LIBERADA";;Monitoramento;"RUA NORONHA TORREZÃO";"2026-06-11 05:52:00";"2026-06-11 04:40:00";"FLAVIO SA";Encerrada;Baixa;;Sim;"Santa Rosa";"CCO MOBILIDADE"
59975;"SINISTRO PERDA DE CONTROLE ";"VIA LIBERADA ";"MOTORISTA DO CAMINHÃO PERDEU CONTROLE DO VEÍCULO SAINDO DA PISTA - COM VITIMAS - CBMERJ - PMERJ E OPERACIONAL NO LOCAL.O campo Número do Chamado foi assinalado como 260611042684O campo Pasta foi assinalado como 359-20260611042622O campo Título foi assinalado como SINISTRO PERDA DE CONTROLE O campo Bairro foi assinalado como Várzea das MoçasO campo Endereço foi assinalado como RJ108O campo Número foi apagadoO campo Rota foi apagadoO campo Estado foi apagadoO campo CEP foi apagadoO campo País foi apagadoO campo Coordenadas foi apagadoAs atividades foram excluídasO campo Gravidade foi assinalado como AltaO campo Solicitante foi assinalado como CISPO campo Origem foi assinalado como CISPO campo Status foi assinalado como AbertoO campo Ativo foi assinalado como Sim | VIA LIBERADA ";;CISP;RJ108;"2026-06-11 06:18:00";"2026-06-11 04:27:00";"FLAVIO SA";Encerrada;Alta;;Sim;"Várzea das Moças";CISP
59917;"ACIONAMENTO DE REBOQUE NITTRANS";;"Reboque leve acionado para atender o registro N°59913.O campo Número do Chamado foi assinalado como 260611041155O campo Pasta foi assinalado como 397-20260611041146O campo Título foi assinalado como ACIONAMENTO DE REBOQUE NITTRANSO campo Bairro foi assinalado como CentroO campo Endereço foi assinalado como Avenida Feliciano Sodré O campo Número foi apagadoO campo Rota foi apagadoO campo Estado foi apagadoO campo CEP foi apagadoO campo País foi apagadoO campo Coordenadas foi apagadoO campo Gravidade foi assinalado como BaixaO campo Solicitante foi assinalado como SilasO campo Origem foi assinalado como OperacionalO campo Status foi assinalado como AbertoO campo Ativo foi assinalado como Sim | Visualizou esse Registro de Incidente.";;Operacional;"Avenida Feliciano Sodré ";"2026-06-11 04:33:00";"2026-06-11 04:12:00";"ODILON FORTUNATO";Encerrada;Baixa;;Sim;Centro;Silas
59915;"MANUTENÇÃO SEMAFÓRICA";FINALIZADO;"Controlador 9039 apresentando parasita (G3). Equipe semafórica ciente.
(Estrada Francisco da Cruz Nunes x Rotatória do Cafubá).
O campo Número do Chamado foi assinalado como 260611040654O campo Pasta foi assinalado como 397-20260611040602O campo Título foi assinalado como MANUTENÇÃO SEMAFÓRICAO campo Bairro foi assinalado como CafubáO campo Endereço foi assinalado como Estrada Francisco da Cruz NunesO campo Número foi apagadoO campo Rota foi apagadoO campo Estado foi apagadoO campo CEP foi apagadoO campo País foi apagadoO campo Coordenadas foi apagadoAs atividades foram assinaladas como: 3xO campo Gravidade foi assinalado como BaixaO campo Solicitante foi assinalado como Semafórica O campo Origem foi assinalado como MonitoramentoO campo Status foi assinalado como AbertoO campo Ativo foi assinalado como Sim | Equipe semafórica diurna dará continuidade no serviço. | FINALIZADOAs atividades foram excluídasO campo Status foi assinalado como Encerrado";;Monitoramento;"Estrada Francisco da Cruz Nunes";"2026-06-11 04:31:00";"2026-06-11 04:06:00";"ODILON FORTUNATO";Encerrada;Baixa;;Sim;Cafubá;"Semafórica "
59973;SECONSER;;"EQUIPE SECONSER REALIZANDO TROCA DE TAMPA DE RALO - ALTURA DO Nº10 - EM CONTATO COM SUPERVISOR DO TRECHO, GUILHERME - CONCRETO EM PROCESSO DE SECAGEM - LOCAL SINALIZADO E PREVISÃO DE FINALIZAÇÃO DE SERVIÇO PARA O DIA 12/06/2026.O campo Número do Chamado foi assinalado como 260611040083O campo Pasta foi assinalado como 359-20260611040043O campo Título foi assinalado como SECONSERO campo Bairro foi assinalado como Santa RosaO campo Endereço foi assinalado como RUA NORONHA TORREZÃO O campo Número foi apagadoO campo Rota foi apagadoO campo Estado foi apagadoO campo CEP foi apagadoO campo País foi apagadoO campo Coordenadas foi apagadoAs atividades foram excluídasO campo Gravidade foi assinalado como BaixaO campo Solicitante foi assinalado como CCO MOBILIDADEO campo Origem foi assinalado como OperacionalO campo Status foi assinalado como AbertoO campo Ativo foi assinalado como Sim | Visualizou esse Registro de Incidente.";;Operacional;"RUA NORONHA TORREZÃO ";"2026-06-11 04:29:00";"2026-06-11 04:05:00";"FLAVIO SA";Desconhecido;Baixa;;Sim;"Santa Rosa";"CCO MOBILIDADE"
59913;"SINISTRO DE MOTO (QUEDA) COM VÍTIMA";"Via liberada.";"Sinistro autolesão com vítima na Av. Visconde do Rio Branco x Av. Feliciano Sodré. CBMERJ no local.O campo Número do Chamado foi assinalado como 260611033253O campo Pasta foi assinalado como 299-20260611033228O campo Título foi assinalado como SINISTRO DE MOTO (QUEDA) COM VÍTIMAO campo Bairro foi assinalado como CentroO campo Endereço foi assinalado como Avenida Visconde do Rio BrancoO campo Número foi apagadoO campo Rota foi apagadoO campo Estado foi apagadoO campo CEP foi apagadoO campo País foi apagadoO campo Coordenadas foi apagadoO campo Gravidade foi assinalado como BaixaO campo Solicitante foi assinalado como CCO O campo Origem foi assinalado como MonitoramentoO campo Status foi assinalado como AbertoO campo Ativo foi assinalado como Sim | Vítima conduzida ao hospital. Aguardando a retirada da motocicleta para a liberação da via. | Via liberada.O campo Status foi assinalado como Encerrado";;Monitoramento;"Avenida Visconde do Rio Branco";"2026-06-11 04:33:00";"2026-06-11 03:34:00";SIMONE;Encerrada;Baixa;;Sim;Centro;"CCO "
59971;REVERSIVEL;;"REVERSÍVEL MONTADA.O campo Número do Chamado foi assinalado como 260611032782O campo Pasta foi assinalado como 359-20260611032736O campo Título foi assinalado como REVERSIVELO campo Bairro foi assinalado como IcaraíO campo Endereço foi assinalado como AV. ROBERTO SILVEIRAO campo Número foi apagadoO campo Rota foi apagadoO campo Estado foi apagadoO campo CEP foi apagadoO campo País foi apagadoO campo Coordenadas foi apagadoAs atividades foram excluídasO campo Gravidade foi assinalado como BaixaO campo Solicitante foi assinalado como CCO MOBILIDADEO campo Origem foi assinalado como MonitoramentoO campo Status foi assinalado como AbertoO campo Ativo foi assinalado como Sim | Visualizou esse Registro de Incidente.";;Monitoramento;"AV. ROBERTO SILVEIRA";"2026-06-11 09:21:00";"2026-06-11 03:28:00";"FLAVIO SA";Encerrada;Baixa;;Sim;Icaraí;"CCO MOBILIDADE"
59969;"VEÍCULO ENGUIÇADO";"VIA LIBERADA";"Auto enguiçado - Alameda São Boaventura x Av. Prof. João Brasil - sem combustível.O campo Número do Chamado foi assinalado como 260611030881O campo Pasta foi assinalado como 359-20260611030820O campo Título foi assinalado como VEÍCULO ENGUIÇADOO campo Bairro foi assinalado como FonsecaO campo Endereço foi assinalado como ALAMEDA SÃO BOAVENTURA O campo Número foi apagadoO campo Rota foi apagadoO campo Estado foi apagadoO campo CEP foi apagadoO campo País foi apagadoO campo Coordenadas foi apagadoAs atividades foram excluídasO campo Gravidade foi assinalado como BaixaO campo Solicitante foi assinalado como CCO MOBILIDADE O campo Origem foi assinalado como MonitoramentoO campo Status foi assinalado como AbertoO campo Ativo foi assinalado como Sim | VIA LIBERADA";;Monitoramento;"ALAMEDA SÃO BOAVENTURA ";"2026-06-11 03:17:00";"2026-06-11 03:09:00";"FLAVIO SA";Encerrada;Baixa;;Sim;Fonseca;"CCO MOBILIDADE "
59967;"SEMÁFORO APAGADO";Restabelecido.;"CONTROLADOR 8008 APAGADO - RUA BENJAMIN CONSTANT X RUA FRANCISCO PORTELA - ENGIE CIENTE - ABERTO VIA - OPERACIONAL CIENTE.O campo Número do Chamado foi assinalado como 260611030180O campo Pasta foi assinalado como 359-20260611030102O campo Título foi assinalado como SEMÁFORO APAGADOO campo Bairro foi assinalado como BarretoO campo Endereço foi assinalado como RUA BENJAMIN CONSTANTO campo Número foi apagadoO campo Rota foi apagadoO campo Estado foi apagadoO campo CEP foi apagadoO campo País foi apagadoO campo Coordenadas foi apagadoO campo Gravidade foi assinalado como BaixaO campo Solicitante foi assinalado como CCO MOBILIDADE O campo Origem foi assinalado como MonitoramentoO campo Status foi assinalado como AbertoO campo Ativo foi assinalado como Sim | REESTABELECIDO  | O campo Status foi assinalado como Em Andamento | Restabelecido.O campo Status foi assinalado como Encerrado";;Monitoramento;"RUA BENJAMIN CONSTANT";"2026-06-11 08:02:00";"2026-06-11 03:02:00";"FLAVIO SA";Encerrada;Baixa;;Sim;Barreto;"CCO MOBILIDADE "
59911;"ACIONAMENTO DE REBOQUE PARTICULAR";"Via liberada";"Acionado reboque particular.O campo Número do Chamado foi assinalado como 260611024452O campo Pasta foi assinalado como 299-20260611024420O campo Título foi assinalado como ACIONAMENTO DE REBOQUE PARTICULARO campo Bairro foi assinalado como FonsecaO campo Endereço foi assinalado como Alameda Sao BoaventuraO campo Número foi apagadoO campo Rota foi apagadoO campo Estado foi apagadoO campo CEP foi apagadoO campo País foi apagadoO campo Coordenadas foi apagadoO campo Gravidade foi assinalado como BaixaO campo Solicitante foi assinalado como ContibuiteO campo Origem foi assinalado como ContribuinteO campo Status foi assinalado como AbertoO campo Ativo foi assinalado como Sim | Via liberada";;Contribuinte;"Alameda Sao Boaventura";"2026-06-11 02:51:00";"2026-06-11 02:45:00";SIMONE;Encerrada;Baixa;;Sim;Fonseca;Contibuite
59965;"ÓLEO NA PISTA";"via liberada";"APÓS LIBERAÇÃO DE CAMINHÃO ENGUIÇADO SENTIDO ALCÂNTARA - O MESMO DERRAMOU ÓLEO NA VIA - OPERACIONAL NO LOCAL - SERRAGEM SENDO COLOCADA NO LOCAL.O campo Número do Chamado foi assinalado como 260611024279O campo Pasta foi assinalado como 359-20260611024237O campo Título foi assinalado como ÓLEO NA PISTAO campo Bairro foi assinalado como FonsecaO campo Endereço foi assinalado como ALAMEDA SÃO BOAVENTURA O campo Número foi apagadoO campo Rota foi apagadoO campo Estado foi apagadoO campo CEP foi apagadoO campo País foi apagadoO campo Coordenadas foi apagadoAs atividades foram excluídasO campo Gravidade foi assinalado como BaixaO campo Solicitante foi assinalado como SUPERVISOR JEFITH MARRAO campo Origem foi assinalado como OperacionalO campo Status foi assinalado como AbertoO campo Ativo foi assinalado como Sim | via liberada";;Operacional;"ALAMEDA SÃO BOAVENTURA ";"2026-06-11 03:27:00";"2026-06-11 02:44:00";"FLAVIO SA";Encerrada;Baixa;;Sim;Fonseca;"SUPERVISOR JEFITH MARRA"
59909;"VEÍCULO ENGUIÇADO";"Via liberada";"Veículo enguiçado na via, sentido Alcântara.O campo Número do Chamado foi assinalado como 260611024351O campo Pasta foi assinalado como 299-20260611024301O campo Título foi assinalado como VEÍCULO ENGUIÇADOO campo Bairro foi assinalado como FonsecaO campo Endereço foi assinalado como Alameda Sao BoaventuraO campo Número foi apagadoO campo Rota foi apagadoO campo Estado foi apagadoO campo CEP foi apagadoO campo País foi apagadoO campo Coordenadas foi apagadoAs atividades foram assinaladas como: 4xO campo Gravidade foi assinalado como BaixaO campo Solicitante foi assinalado como CCO O campo Origem foi assinalado como MonitoramentoO campo Status foi assinalado como AbertoO campo Ativo foi assinalado como Sim | Via liberada";#1_34_C#1_12_C#1_1_C#1_30_C#;Monitoramento;"Alameda Sao Boaventura";"2026-06-11 02:50:00";"2026-06-11 02:44:00";SIMONE;Encerrada;Baixa;;Sim;Fonseca;"CCO "
59963;"VEÍCULO ENGUIÇADO";"VIA LIBERADA";"CAMINHÃO ENGUIÇADO - ALAMEDA SENTIDO ALCÂNTARA - FAIXA DA DIREITA - OPERACIONAL NO LOCAL.O campo Número do Chamado foi assinalado como 260611023978O campo Pasta foi assinalado como 359-20260611023938O campo Título foi assinalado como VEÍCULO ENGUIÇADOO campo Bairro foi assinalado como FonsecaO campo Endereço foi assinalado como ALAMEDA SÃO BOAVENTURA O campo Número foi apagadoO campo Rota foi apagadoO campo Estado foi apagadoO campo CEP foi apagadoO campo País foi apagadoO campo Coordenadas foi apagadoAs atividades foram excluídasO campo Gravidade foi assinalado como BaixaO campo Solicitante foi assinalado como SUPERVISOR JEFITH MARRAO campo Origem foi assinalado como OperacionalO campo Status foi assinalado como AbertoO campo Ativo foi assinalado como Sim | VIA LIBERADA";;Operacional;"ALAMEDA SÃO BOAVENTURA ";"2026-06-11 03:18:00";"2026-06-11 02:42:00";"FLAVIO SA";Encerrada;Baixa;;Sim;Fonseca;"SUPERVISOR JEFITH MARRA"
59961;"VEÍCULO ENGUIÇADO";"VIA LIBERADA";"Coletivo enguiçado em frente ao posto de gasolina sentido Engenhoca O campo Número do Chamado foi assinalado como 260611013777O campo Pasta foi assinalado como 266-20260611013740O campo Título foi assinalado como VEÍCULO ENGUIÇADOO campo Bairro foi assinalado como FonsecaO campo Endereço foi assinalado como Avenida Professor João Brasil O campo Número foi apagadoO campo Rota foi apagadoO campo Estado foi apagadoO campo CEP foi apagadoO campo País foi apagadoO campo Coordenadas foi apagadoAs atividades foram assinaladas como: 1xO campo Gravidade foi assinalado como BaixaO campo Solicitante foi assinalado como Maurício - supervisor O campo Origem foi assinalado como OperacionalO campo Status foi assinalado como AbertoO campo Ativo foi assinalado como Sim | VIA LIBERADA";;Operacional;"Avenida Professor João Brasil ";"2026-06-11 03:18:00";"2026-06-11 01:42:00";ROSIANE;Encerrada;Baixa;;Sim;Fonseca;"Maurício - supervisor "
